브랜드명,상품명,정가,원가,할인율(%)
Theory,Men Light Bilen Goris Tee - Limestone/White,"283,100","298,000",5.0
BEANPOLE MEN,[Essential] 남녀공용 코튼 케이블 라운드 니트 - 네이비,"215,100","239,000",10.0
Theory,Men Light Bilen Goris Tee - Black/Light Grey Heather,"283,100","298,000",5.0
Theory,Men Light Bilen Goris Tee - White/Vapor,"283,100","298,000",5.0
8 seconds,블록 레글런 소매 집업 가디건 - 네이비,"69,900",,
ami,Red Adc Cardigan - Black,"595,000",,
BEANPOLE MEN,라운드 카디건 - 라이트 그린,"251,100","279,000",10.0
Theory,Men Light Bilen Goris Polo - LimeStone,"321,100","338,000",5.0
Maison Kitsune,Men Bold Fox Head Patch Regular Cardigan - Light Blue Melange,"508,250","535,000",5.0
Theory,Men Light Bilen Sarior Polo Sweater - Baltic,"321,100","338,000",5.0
Theory,Men Light Bilen Jago Hood Cardigan - Basalt,"473,100","498,000",5.0
BEANPOLE MEN,[Essential] 남녀공용 코튼 케이블 라운드 니트 - 아이보리,"215,100","239,000",10.0
Maison Kitsune,Men Tonal Fox Head Patch Regular Cardigan - Black,"508,250","535,000",5.0
Theory,Men Light Bilen Goris Polo - Black,"321,100","338,000",5.0
BEANPOLE MEN,라운드 카디건 - 그레이,"251,100","279,000",10.0
BEANPOLE MEN,[Essential] 남녀공용 코튼 케이블 라운드 니트 - 블루,"215,100","239,000",10.0
BEANPOLE MEN,[Essential] 남녀공용 코튼 케이블 라운드 니트 - 그린,"215,100","239,000",10.0
Theory,Men Light Bilen Alaric Crew Sweater - Melange Ivory,"378,100","398,000",5.0
Theory,Men Light Bilen Goris Polo - Basalt,"321,100","338,000",5.0
BEANPOLE MEN,실크 블렌드 베이직 라운드 니트 - 베이지,"197,100","219,000",10.0
BEANPOLE MEN,[Green] 배색 칼라 니트 - 라이트 그레이,"169,290","209,000",19.0
PLAY COMME DES GARCONS,(Men) Black Heart Wappen Cardigan - Grey,"465,000",,
Theory,Men Light Bilen Goris Polo - Coffee,"321,100","338,000",5.0
BEANPOLE MEN,젠틀 긴소매 칼라넥 니트 - 베이지,"215,100","239,000",10.0
Theory,Men Light Bilen Riland Crew Sweater - Limestone,"340,100","358,000",5.0
Maison Kitsune,Men Maison Kitsune Handwriting Comfort Cardigan - Storm Blue,"698,250","735,000",5.0
8 seconds,하프 밀라노 카라 가디건 - 애쉬,"59,900",,
JUUN.J,인레이 풀 집업 카디건 - 블랙,"655,500","690,000",5.0
Theory,Men Light Bilen Alaric Crew Sweater - Light Grey Heatther,"378,100","398,000",5.0
BEANPOLE MEN,[Essential] 남녀공용 Better B 카디건 - 네이비,"251,100","279,000",10.0
